-- =============================================================================
-- SEED 09 — INTOLERANCE EXPANSION (2026-06-21)
-- Brings intolerance parents from 8 → 55. Real, documented food intolerances /
-- sensitivities grouped as: sugar alcohols (polyols), FODMAP carbohydrates,
-- biogenic amines, preservatives, food dyes, flavour enhancers, and other
-- natural compounds. Intolerances ≠ allergies; all rows DRAFT + EXPERT_REVIEW,
-- pending independent validation. Runs after seed_04. Format mirrors seed_04.
-- =============================================================================

INSERT INTO sub_groups (sub_group_id, domain, label, sort_order) VALUES
  ('intol.sorbitol','INTOLERANCE','Sorbitol',9),
  ('intol.mannitol','INTOLERANCE','Mannitol',10),
  ('intol.xylitol','INTOLERANCE','Xylitol',11),
  ('intol.maltitol','INTOLERANCE','Maltitol',12),
  ('intol.erythritol','INTOLERANCE','Erythritol',13),
  ('intol.isomalt','INTOLERANCE','Isomalt',14),
  ('intol.lactitol','INTOLERANCE','Lactitol',15),
  ('intol.fructan','INTOLERANCE','Fructans',16),
  ('intol.gos','INTOLERANCE','GOS (Galacto-oligosaccharides)',17),
  ('intol.fos','INTOLERANCE','FOS (Fructo-oligosaccharides)',18),
  ('intol.inulin','INTOLERANCE','Inulin',19),
  ('intol.raffinose','INTOLERANCE','Raffinose',20),
  ('intol.stachyose','INTOLERANCE','Stachyose',21),
  ('intol.lactulose','INTOLERANCE','Lactulose',22),
  ('intol.sucrose','INTOLERANCE','Sucrose',23),
  ('intol.trehalose','INTOLERANCE','Trehalose',24),
  ('intol.galactose','INTOLERANCE','Galactose',25),
  ('intol.tyramine','INTOLERANCE','Tyramine',26),
  ('intol.phenylethylamine','INTOLERANCE','Phenylethylamine',27),
  ('intol.benzoate','INTOLERANCE','Benzoates',28),
  ('intol.nitrate','INTOLERANCE','Nitrates',29),
  ('intol.nitrite','INTOLERANCE','Nitrites',30),
  ('intol.sorbate','INTOLERANCE','Sorbates',31),
  ('intol.propionate','INTOLERANCE','Propionates',32),
  ('intol.bhabht','INTOLERANCE','BHA / BHT',33),
  ('intol.tartrazine','INTOLERANCE','Tartrazine (Yellow 5)',34),
  ('intol.sunsetyellow','INTOLERANCE','Sunset Yellow (Yellow 6)',35),
  ('intol.allurared','INTOLERANCE','Allura Red (Red 40)',36),
  ('intol.brilliantblue','INTOLERANCE','Brilliant Blue (Blue 1)',37),
  ('intol.carmine','INTOLERANCE','Carmine',38),
  ('intol.annatto','INTOLERANCE','Annatto',39),
  ('intol.glutamate','INTOLERANCE','Glutamate (MSG)',40),
  ('intol.salicylate','INTOLERANCE','Salicylates',41),
  ('intol.oxalate','INTOLERANCE','Oxalates',42),
  ('intol.tannin','INTOLERANCE','Tannins',43),
  ('intol.solanine','INTOLERANCE','Nightshades (Solanine)',44),
  ('intol.purine','INTOLERANCE','Purines',45),
  ('intol.carrageenan','INTOLERANCE','Carrageenan',46),
  ('intol.guargum','INTOLERANCE','Guar Gum',47),
  ('intol.xanthangum','INTOLERANCE','Xanthan Gum',48),
  ('intol.a1casein','INTOLERANCE','A1 Casein',49),
  ('intol.alcohol','INTOLERANCE','Alcohol',50),
  ('intol.theobromine','INTOLERANCE','Theobromine',51),
  ('intol.quinine','INTOLERANCE','Quinine',52),
  ('intol.capsaicin','INTOLERANCE','Capsaicin',53),
  ('intol.yeast','INTOLERANCE','Yeast',54),
  ('intol.lectin','INTOLERANCE','Lectins',55);

INSERT INTO parents (parent_id, domain, sub_group_id, common_name, technical_name, source) VALUES
  ('sorbitol','INTOLERANCE','intol.sorbitol','Sorbitol','E420','EXPERT_REVIEW'),
  ('mannitol','INTOLERANCE','intol.mannitol','Mannitol','E421','EXPERT_REVIEW'),
  ('xylitol','INTOLERANCE','intol.xylitol','Xylitol','E967','EXPERT_REVIEW'),
  ('maltitol','INTOLERANCE','intol.maltitol','Maltitol','E965','EXPERT_REVIEW'),
  ('erythritol','INTOLERANCE','intol.erythritol','Erythritol','E968','EXPERT_REVIEW'),
  ('isomalt','INTOLERANCE','intol.isomalt','Isomalt','E953','EXPERT_REVIEW'),
  ('lactitol','INTOLERANCE','intol.lactitol','Lactitol','E966','EXPERT_REVIEW'),
  ('fructan','INTOLERANCE','intol.fructan','Fructans',NULL,'EXPERT_REVIEW'),
  ('gos','INTOLERANCE','intol.gos','GOS','galacto-oligosaccharides','EXPERT_REVIEW'),
  ('fos','INTOLERANCE','intol.fos','FOS','fructo-oligosaccharides','EXPERT_REVIEW'),
  ('inulin','INTOLERANCE','intol.inulin','Inulin',NULL,'EXPERT_REVIEW'),
  ('raffinose','INTOLERANCE','intol.raffinose','Raffinose',NULL,'EXPERT_REVIEW'),
  ('stachyose','INTOLERANCE','intol.stachyose','Stachyose',NULL,'EXPERT_REVIEW'),
  ('lactulose','INTOLERANCE','intol.lactulose','Lactulose',NULL,'EXPERT_REVIEW'),
  ('sucrose','INTOLERANCE','intol.sucrose','Sucrose','table sugar','EXPERT_REVIEW'),
  ('trehalose','INTOLERANCE','intol.trehalose','Trehalose',NULL,'EXPERT_REVIEW'),
  ('galactose','INTOLERANCE','intol.galactose','Galactose',NULL,'EXPERT_REVIEW'),
  ('tyramine','INTOLERANCE','intol.tyramine','Tyramine',NULL,'EXPERT_REVIEW'),
  ('phenylethylamine','INTOLERANCE','intol.phenylethylamine','Phenylethylamine',NULL,'EXPERT_REVIEW'),
  ('benzoate','INTOLERANCE','intol.benzoate','Benzoates','E210-E213','EXPERT_REVIEW'),
  ('nitrate','INTOLERANCE','intol.nitrate','Nitrates','E251-E252','EXPERT_REVIEW'),
  ('nitrite','INTOLERANCE','intol.nitrite','Nitrites','E249-E250','EXPERT_REVIEW'),
  ('sorbate','INTOLERANCE','intol.sorbate','Sorbates','E200-E203','EXPERT_REVIEW'),
  ('propionate','INTOLERANCE','intol.propionate','Propionates','E280-E283','EXPERT_REVIEW'),
  ('bha_bht','INTOLERANCE','intol.bhabht','BHA / BHT','E320/E321','EXPERT_REVIEW'),
  ('tartrazine','INTOLERANCE','intol.tartrazine','Tartrazine','Yellow 5 / E102','EXPERT_REVIEW'),
  ('sunset_yellow','INTOLERANCE','intol.sunsetyellow','Sunset Yellow','Yellow 6 / E110','EXPERT_REVIEW'),
  ('allura_red','INTOLERANCE','intol.allurared','Allura Red','Red 40 / E129','EXPERT_REVIEW'),
  ('brilliant_blue','INTOLERANCE','intol.brilliantblue','Brilliant Blue','Blue 1 / E133','EXPERT_REVIEW'),
  ('carmine','INTOLERANCE','intol.carmine','Carmine','E120 / cochineal','EXPERT_REVIEW'),
  ('annatto','INTOLERANCE','intol.annatto','Annatto','E160b','EXPERT_REVIEW'),
  ('glutamate','INTOLERANCE','intol.glutamate','Glutamate','MSG / E621','EXPERT_REVIEW'),
  ('salicylate','INTOLERANCE','intol.salicylate','Salicylates',NULL,'EXPERT_REVIEW'),
  ('oxalate','INTOLERANCE','intol.oxalate','Oxalates',NULL,'EXPERT_REVIEW'),
  ('tannin','INTOLERANCE','intol.tannin','Tannins',NULL,'EXPERT_REVIEW'),
  ('solanine','INTOLERANCE','intol.solanine','Nightshades','solanine','EXPERT_REVIEW'),
  ('purine','INTOLERANCE','intol.purine','Purines',NULL,'EXPERT_REVIEW'),
  ('carrageenan','INTOLERANCE','intol.carrageenan','Carrageenan','E407','EXPERT_REVIEW'),
  ('guar_gum','INTOLERANCE','intol.guargum','Guar Gum','E412','EXPERT_REVIEW'),
  ('xanthan_gum','INTOLERANCE','intol.xanthangum','Xanthan Gum','E415','EXPERT_REVIEW'),
  ('a1_casein','INTOLERANCE','intol.a1casein','A1 Casein',NULL,'EXPERT_REVIEW'),
  ('alcohol','INTOLERANCE','intol.alcohol','Alcohol','ethanol','EXPERT_REVIEW'),
  ('theobromine','INTOLERANCE','intol.theobromine','Theobromine',NULL,'EXPERT_REVIEW'),
  ('quinine','INTOLERANCE','intol.quinine','Quinine',NULL,'EXPERT_REVIEW'),
  ('capsaicin','INTOLERANCE','intol.capsaicin','Capsaicin',NULL,'EXPERT_REVIEW'),
  ('yeast','INTOLERANCE','intol.yeast','Yeast',NULL,'EXPERT_REVIEW'),
  ('lectin','INTOLERANCE','intol.lectin','Lectins',NULL,'EXPERT_REVIEW');

INSERT INTO synonyms (parent_id, term, confidence_level, match_class, source, cross_note) VALUES
  ('sorbitol','Sorbitol','HIGH','DIRECT','EXPERT_REVIEW',NULL),
  ('sorbitol','E420','MEDIUM','DERIVED','EXPERT_REVIEW',NULL),
  ('mannitol','Mannitol','HIGH','DIRECT','EXPERT_REVIEW',NULL),
  ('mannitol','E421','MEDIUM','DERIVED','EXPERT_REVIEW',NULL),
  ('xylitol','Xylitol','HIGH','DIRECT','EXPERT_REVIEW',NULL),
  ('xylitol','E967','MEDIUM','DERIVED','EXPERT_REVIEW',NULL),
  ('maltitol','Maltitol','HIGH','DIRECT','EXPERT_REVIEW',NULL),
  ('maltitol','E965','MEDIUM','DERIVED','EXPERT_REVIEW',NULL),
  ('erythritol','Erythritol','HIGH','DIRECT','EXPERT_REVIEW',NULL),
  ('erythritol','E968','MEDIUM','DERIVED','EXPERT_REVIEW',NULL),
  ('isomalt','Isomalt','HIGH','DIRECT','EXPERT_REVIEW',NULL),
  ('lactitol','Lactitol','HIGH','DIRECT','EXPERT_REVIEW',NULL),
  ('fructan','Fructan','HIGH','DIRECT','EXPERT_REVIEW',NULL),
  ('fructan','Fructans','HIGH','DIRECT','EXPERT_REVIEW',NULL),
  ('fructan','Wheat fructan','MEDIUM','DERIVED','EXPERT_REVIEW',NULL),
  ('gos','GOS','HIGH','DIRECT','EXPERT_REVIEW',NULL),
  ('gos','Galacto-oligosaccharides','HIGH','DIRECT','EXPERT_REVIEW',NULL),
  ('fos','FOS','HIGH','DIRECT','EXPERT_REVIEW',NULL),
  ('fos','Fructo-oligosaccharides','HIGH','DIRECT','EXPERT_REVIEW',NULL),
  ('inulin','Inulin','HIGH','DIRECT','EXPERT_REVIEW',NULL),
  ('inulin','Chicory root fiber','MEDIUM','DERIVED','EXPERT_REVIEW',NULL),
  ('raffinose','Raffinose','HIGH','DIRECT','EXPERT_REVIEW',NULL),
  ('stachyose','Stachyose','HIGH','DIRECT','EXPERT_REVIEW',NULL),
  ('lactulose','Lactulose','HIGH','DIRECT','EXPERT_REVIEW',NULL),
  ('sucrose','Sucrose','HIGH','DIRECT','EXPERT_REVIEW',NULL),
  ('trehalose','Trehalose','HIGH','DIRECT','EXPERT_REVIEW',NULL),
  ('galactose','Galactose','HIGH','DIRECT','EXPERT_REVIEW',NULL),
  ('tyramine','Tyramine','HIGH','DIRECT','EXPERT_REVIEW',NULL),
  ('tyramine','Aged cheese','LOW','POSSIBLE','EXPERT_REVIEW','High-tyramine food.'),
  ('phenylethylamine','Phenylethylamine','HIGH','DIRECT','EXPERT_REVIEW',NULL),
  ('phenylethylamine','PEA','LOW','DERIVED','EXPERT_REVIEW',NULL),
  ('benzoate','Benzoate','HIGH','DIRECT','EXPERT_REVIEW',NULL),
  ('benzoate','Sodium benzoate','HIGH','DERIVED','EXPERT_REVIEW',NULL),
  ('benzoate','E211','MEDIUM','DERIVED','EXPERT_REVIEW',NULL),
  ('nitrate','Nitrate','HIGH','DIRECT','EXPERT_REVIEW',NULL),
  ('nitrate','Sodium nitrate','HIGH','DERIVED','EXPERT_REVIEW',NULL),
  ('nitrite','Nitrite','HIGH','DIRECT','EXPERT_REVIEW',NULL),
  ('nitrite','Sodium nitrite','HIGH','DERIVED','EXPERT_REVIEW',NULL),
  ('sorbate','Potassium sorbate','HIGH','DERIVED','EXPERT_REVIEW',NULL),
  ('sorbate','Sorbic acid','HIGH','DERIVED','EXPERT_REVIEW',NULL),
  ('propionate','Calcium propionate','HIGH','DERIVED','EXPERT_REVIEW',NULL),
  ('propionate','Propionic acid','HIGH','DERIVED','EXPERT_REVIEW',NULL),
  ('bha_bht','BHA','HIGH','DIRECT','EXPERT_REVIEW',NULL),
  ('bha_bht','BHT','HIGH','DIRECT','EXPERT_REVIEW',NULL),
  ('bha_bht','Butylated hydroxyanisole','MEDIUM','DERIVED','EXPERT_REVIEW',NULL),
  ('tartrazine','Tartrazine','HIGH','DIRECT','EXPERT_REVIEW',NULL),
  ('tartrazine','Yellow 5','HIGH','DERIVED','EXPERT_REVIEW',NULL),
  ('tartrazine','FD&C Yellow No. 5','MEDIUM','DERIVED','EXPERT_REVIEW',NULL),
  ('sunset_yellow','Sunset Yellow','HIGH','DIRECT','EXPERT_REVIEW',NULL),
  ('sunset_yellow','Yellow 6','HIGH','DERIVED','EXPERT_REVIEW',NULL),
  ('allura_red','Allura Red','HIGH','DIRECT','EXPERT_REVIEW',NULL),
  ('allura_red','Red 40','HIGH','DERIVED','EXPERT_REVIEW',NULL),
  ('brilliant_blue','Brilliant Blue','HIGH','DIRECT','EXPERT_REVIEW',NULL),
  ('brilliant_blue','Blue 1','HIGH','DERIVED','EXPERT_REVIEW',NULL),
  ('carmine','Carmine','HIGH','DIRECT','EXPERT_REVIEW',NULL),
  ('carmine','Cochineal','HIGH','DERIVED','EXPERT_REVIEW',NULL),
  ('carmine','Carminic acid','MEDIUM','DERIVED','EXPERT_REVIEW',NULL),
  ('annatto','Annatto','HIGH','DIRECT','EXPERT_REVIEW',NULL),
  ('annatto','E160b','MEDIUM','DERIVED','EXPERT_REVIEW',NULL),
  ('glutamate','Monosodium glutamate','HIGH','DERIVED','EXPERT_REVIEW',NULL),
  ('glutamate','MSG','HIGH','DERIVED','EXPERT_REVIEW',NULL),
  ('glutamate','E621','MEDIUM','DERIVED','EXPERT_REVIEW',NULL),
  ('salicylate','Salicylate','HIGH','DIRECT','EXPERT_REVIEW',NULL),
  ('salicylate','Salicylic acid','HIGH','DERIVED','EXPERT_REVIEW',NULL),
  ('oxalate','Oxalate','HIGH','DIRECT','EXPERT_REVIEW',NULL),
  ('oxalate','Oxalic acid','HIGH','DERIVED','EXPERT_REVIEW',NULL),
  ('tannin','Tannin','HIGH','DIRECT','EXPERT_REVIEW',NULL),
  ('tannin','Tannic acid','HIGH','DERIVED','EXPERT_REVIEW',NULL),
  ('solanine','Solanine','HIGH','DIRECT','EXPERT_REVIEW',NULL),
  ('solanine','Nightshade','MEDIUM','DERIVED','EXPERT_REVIEW',NULL),
  ('purine','Purine','HIGH','DIRECT','EXPERT_REVIEW',NULL),
  ('purine','Purines','HIGH','DIRECT','EXPERT_REVIEW',NULL),
  ('carrageenan','Carrageenan','HIGH','DIRECT','EXPERT_REVIEW',NULL),
  ('carrageenan','E407','MEDIUM','DERIVED','EXPERT_REVIEW',NULL),
  ('guar_gum','Guar gum','HIGH','DIRECT','EXPERT_REVIEW',NULL),
  ('guar_gum','E412','MEDIUM','DERIVED','EXPERT_REVIEW',NULL),
  ('xanthan_gum','Xanthan gum','HIGH','DIRECT','EXPERT_REVIEW',NULL),
  ('xanthan_gum','E415','MEDIUM','DERIVED','EXPERT_REVIEW',NULL),
  ('a1_casein','A1 casein','HIGH','DIRECT','EXPERT_REVIEW',NULL),
  ('a1_casein','A1 beta-casein','MEDIUM','DERIVED','EXPERT_REVIEW',NULL),
  ('alcohol','Alcohol','HIGH','DIRECT','EXPERT_REVIEW',NULL),
  ('alcohol','Ethanol','HIGH','DIRECT','EXPERT_REVIEW',NULL),
  ('theobromine','Theobromine','HIGH','DIRECT','EXPERT_REVIEW',NULL),
  ('theobromine','Cocoa','LOW','POSSIBLE','EXPERT_REVIEW','Theobromine source.'),
  ('quinine','Quinine','HIGH','DIRECT','EXPERT_REVIEW',NULL),
  ('quinine','Tonic water','LOW','POSSIBLE','EXPERT_REVIEW','Contains quinine.'),
  ('capsaicin','Capsaicin','HIGH','DIRECT','EXPERT_REVIEW',NULL),
  ('capsaicin','Chili extract','MEDIUM','DERIVED','EXPERT_REVIEW',NULL),
  ('yeast','Yeast','HIGH','DIRECT','EXPERT_REVIEW',NULL),
  ('yeast','Yeast extract','HIGH','DERIVED','EXPERT_REVIEW',NULL),
  ('yeast','Brewer''s yeast','MEDIUM','DERIVED','EXPERT_REVIEW',NULL),
  ('lectin','Lectin','HIGH','DIRECT','EXPERT_REVIEW',NULL),
  ('lectin','Lectins','HIGH','DIRECT','EXPERT_REVIEW',NULL);
